{
    "Crossbow": {
        "Damage": 11.0,
        "Accuracy": 11.047619047619047,
        "Range": 7.450980392156863,
        "Rate of fire": 8.19672131147541,
        "Reload speed": 9.183673469387756,
        "Recoil": 10.408163265306122,
        "Ammo capacity": 8.837209302325581,
        "Projectile speed": 9.795918367346939
    },
    "Flamethrower": {
        "Damage": 6.585365853658536,
        "Accuracy": 6.078431372549019,
        "Range": 6.388888888888889,
        "Rate of fire": 2.0,
        "Reload speed": 2.3076923076923075,
        "Recoil": 4.666666666666667,
        "Ammo capacity": 4.666666666666667,
        "Projectile speed": 4.634146341463414
    },
    "Grenade launcher": {
        "Damage": 6.774193548387097,
        "Accuracy": 7.34375,
        "Range": 7.1875,
        "Rate of fire": 8.142857142857142,
        "Reload speed": 9.35483870967742,
        "Recoil": 5.853658536585366,
        "Ammo capacity": 5.714285714285714,
        "Projectile speed": 8.703703703703704
    },
    "HMG": {
        "Damage": 10.123456790123457,
        "Accuracy": 10.505050505050505,
        "Range": 9.117647058823529,
        "Rate of fire": 9.387755102040817,
        "Reload speed": 10.0,
        "Recoil": 10.0,
        "Ammo capacity": 11.75,
        "Projectile speed": 9.148936170212766
    },
    "Knife": {
        "Damage": -8.98989898989899,
        "Accuracy": -7.288135593220339,
        "Range": -11.263157894736842,
        "Rate of fire": -8.26086956521739,
        "Reload speed": -7.777777777777778,
        "Recoil": -8.461538461538462,
        "Ammo capacity": -7.631578947368421,
        "Projectile speed": -7.2727272727272725
    },
    "Revolver": {
        "Damage": 9.058823529411764,
        "Accuracy": 12.87037037037037,
        "Range": 10.746268656716419,
        "Rate of fire": 10.0,
        "Reload speed": 9.245283018867925,
        "Recoil": 9.84375,
        "Ammo capacity": 10.465116279069768,
        "Projectile speed": 8.958333333333334
    },
    "Rocket launcher": {
        "Damage": -3.7681159420289854,
        "Accuracy": 0.46875,
        "Range": -2.7777777777777777,
        "Rate of fire": 2.608695652173913,
        "Reload speed": 5.0,
        "Recoil": -0.967741935483871,
        "Ammo capacity": 2.7777777777777777,
        "Projectile speed": -0.9302325581395349
    },
    "Shocker": {
        "Damage": 4.25,
        "Accuracy": 4.2592592592592595,
        "Range": 2.1739130434782608,
        "Rate of fire": 2.1621621621621623,
        "Reload speed": 4.285714285714286,
        "Recoil": 2.962962962962963,
        "Ammo capacity": 2.4390243902439024,
        "Projectile speed": 4.117647058823529
    },
    "Shotgun": {
        "Damage": -10.5,
        "Accuracy": -5.882352941176471,
        "Range": -4.166666666666667,
        "Rate of fire": -4.545454545454546,
        "Reload speed": -2.5806451612903225,
        "Recoil": -5.365853658536586,
        "Ammo capacity": -5.0,
        "Projectile speed": -5.0
    },
    "SMG": {
        "Damage": 10.380952380952381,
        "Accuracy": 9.902912621359222,
        "Range": 8.81578947368421,
        "Rate of fire": 8.653846153846153,
        "Reload speed": 9.25925925925926,
        "Recoil": 9.322033898305085,
        "Ammo capacity": 9.361702127659575,
        "Projectile speed": 8.653846153846153
    },
    "Spreadgun": {
        "Damage": 10.210526315789474,
        "Accuracy": 10.694444444444445,
        "Range": 10.555555555555555,
        "Rate of fire": 10.41095890410959,
        "Reload speed": 8.958333333333334,
        "Recoil": 9.555555555555555,
        "Ammo capacity": 8.846153846153847,
        "Projectile speed": 10.735294117647058
    }
}