{
    "Crossbow": {
        "Damage": 5.5,
        "Accuracy": 5.523809523809524,
        "Range": 3.7254901960784315,
        "Rate of fire": 4.098360655737705,
        "Reload speed": 4.591836734693878,
        "Recoil": 5.204081632653061,
        "Ammo capacity": 4.4186046511627906,
        "Projectile speed": 4.8979591836734695
    },
    "Flamethrower": {
        "Damage": 3.292682926829268,
        "Accuracy": 3.0392156862745097,
        "Range": 3.1944444444444446,
        "Rate of fire": 1.0,
        "Reload speed": 1.1538461538461537,
        "Recoil": 2.3333333333333335,
        "Ammo capacity": 2.3333333333333335,
        "Projectile speed": 2.317073170731707
    },
    "Grenade launcher": {
        "Damage": 3.3870967741935485,
        "Accuracy": 3.671875,
        "Range": 3.59375,
        "Rate of fire": 4.071428571428571,
        "Reload speed": 4.67741935483871,
        "Recoil": 2.926829268292683,
        "Ammo capacity": 2.857142857142857,
        "Projectile speed": 4.351851851851852
    },
    "HMG": {
        "Damage": 5.061728395061729,
        "Accuracy": 5.252525252525253,
        "Range": 4.5588235294117645,
        "Rate of fire": 4.6938775510204085,
        "Reload speed": 5.0,
        "Recoil": 5.0,
        "Ammo capacity": 5.875,
        "Projectile speed": 4.574468085106383
    },
    "Knife": {
        "Damage": -4.494949494949495,
        "Accuracy": -3.6440677966101696,
        "Range": -5.631578947368421,
        "Rate of fire": -4.130434782608695,
        "Reload speed": -3.888888888888889,
        "Recoil": -4.230769230769231,
        "Ammo capacity": -3.8157894736842106,
        "Projectile speed": -3.6363636363636362
    },
    "Revolver": {
        "Damage": 4.529411764705882,
        "Accuracy": 6.435185185185185,
        "Range": 5.373134328358209,
        "Rate of fire": 5.0,
        "Reload speed": 4.622641509433962,
        "Recoil": 4.921875,
        "Ammo capacity": 5.232558139534884,
        "Projectile speed": 4.479166666666667
    },
    "Rocket launcher": {
        "Damage": -1.8840579710144927,
        "Accuracy": 0.234375,
        "Range": -1.3888888888888888,
        "Rate of fire": 1.3043478260869565,
        "Reload speed": 2.5,
        "Recoil": -0.4838709677419355,
        "Ammo capacity": 1.3888888888888888,
        "Projectile speed": -0.46511627906976744
    },
    "Shocker": {
        "Damage": 2.125,
        "Accuracy": 2.1296296296296298,
        "Range": 1.0869565217391304,
        "Rate of fire": 1.0810810810810811,
        "Reload speed": 2.142857142857143,
        "Recoil": 1.4814814814814814,
        "Ammo capacity": 1.2195121951219512,
        "Projectile speed": 2.0588235294117645
    },
    "Shotgun": {
        "Damage": -5.25,
        "Accuracy": -2.9411764705882355,
        "Range": -2.0833333333333335,
        "Rate of fire": -2.272727272727273,
        "Reload speed": -1.2903225806451613,
        "Recoil": -2.682926829268293,
        "Ammo capacity": -2.5,
        "Projectile speed": -2.5
    },
    "SMG": {
        "Damage": 5.190476190476191,
        "Accuracy": 4.951456310679611,
        "Range": 4.407894736842105,
        "Rate of fire": 4.326923076923077,
        "Reload speed": 4.62962962962963,
        "Recoil": 4.661016949152542,
        "Ammo capacity": 4.680851063829787,
        "Projectile speed": 4.326923076923077
    },
    "Spreadgun": {
        "Damage": 5.105263157894737,
        "Accuracy": 5.347222222222222,
        "Range": 5.277777777777778,
        "Rate of fire": 5.205479452054795,
        "Reload speed": 4.479166666666667,
        "Recoil": 4.777777777777778,
        "Ammo capacity": 4.423076923076923,
        "Projectile speed": 5.367647058823529
    }
}